epoch,normal,ul2
10000,0.34427,0.34371
30000,0.3462,0.34784
50000,0.34471,0.34661